{
  "Name": "drumclone",
  "Version": "0.5.2",
  "Factory Info": {
    "Vendor": "raredsp",
    "URL": "www.raredsp.com",
    "E-Mail": "",
    "Flags": {
      "Unicode": true,
      "Classes Discardable": false,
      "Component Non Discardable": false,
    },
  },
  "Classes": [
    {
      "CID": "ABCDEF019182FAEB5264737041657178",
      "Category": "Audio Module Class",
      "Name": "drumclone",
      "Vendor": "raredsp",
      "Version": "0.5.2",
      "SDKVersion": "VST 3.7.8",
      "Sub Categories": [
        "Instrument",
        "Drum",
        "Restoration",
        "Sampler",
        "Tools",
      ],
      "Class Flags": 2,
      "Cardinality": 2147483647,
      "Snapshots": [
      ],
    },
    {
      "CID": "ABCDEF011234ABCD5264737041657178",
      "Category": "Component Controller Class",
      "Name": "drumclone",
      "Vendor": "raredsp",
      "Version": "0.5.2",
      "SDKVersion": "VST 3.7.8",
      "Sub Categories": [
        "Instrument",
        "Drum",
        "Restoration",
        "Sampler",
        "Tools",
      ],
      "Class Flags": 2,
      "Cardinality": 2147483647,
      "Snapshots": [
      ],
    },
    {
      "CID": "ABCDEF01C0DEF00D5264737041657178",
      "Category": "Plugin Compatibility Class",
      "Name": "drumclone",
      "Vendor": "raredsp",
      "Version": "0.5.2",
      "SDKVersion": "VST 3.7.8",
      "Class Flags": 0,
      "Cardinality": 2147483647,
      "Snapshots": [
      ],
    },
  ],
}